{
  "builtin_entity_scope": [
    "snips/percentage"
  ],
  "config": {
    "unit_name": "tfidf_vectorizer",
    "use_stemming": false,
    "word_clusters_name": null
  },
  "language_code": "en",
  "vectorizer": {
    "idf_diag": [
      4.11905548958599,
      5.505349850705881,
      5.505349850705881,
      4.11905548958599,
      5.505349850705881,
      5.505349850705881,
      4.589059118831726,
      3.1539745935424026,
      4.252586882210513,
      5.505349850705881,
      5.505349850705881,
      5.505349850705881,
      4.406737562037771,
      4.11905548958599,
      3.10745457790751,
      4.812202670145935,
      5.505349850705881,
      4.406737562037771,
      5.505349850705881,
      3.89591193827178,
      5.505349850705881,
      4.406737562037771,
      3.633547673804289,
      2.0396139479061537,
      4.11905548958599,
      5.505349850705881,
      3.10745457790751,
      3.7135903814778253,
      5.099884742597716,
      5.505349850705881,
      5.505349850705881,
      4.252586882210513,
      5.505349850705881,
      4.252586882210513,
      5.505349850705881,
      4.001272453929607,
      3.800601758467455,
      5.505349850705881,
      1.7211602167876192,
      4.11905548958599,
      2.348349429555767,
      4.406737562037771,
      3.0204432009178803,
      1.2217632888452514,
      5.099884742597716
    ],
    "vocab": {
      "and": 0,
      "andwhite": 1,
      "aquamarine": 2,
      "be": 3,
      "bistre": 4,
      "black": 5,
      "blue": 6,
      "builtinentityfeaturesnipspercentage": 7,
      "change": 8,
      "cream": 9,
      "crimson": 10,
      "cyan": 11,
      "dark": 12,
      "decrease": 13,
      "entityfeaturecolor": 14,
      "green": 15,
      "grey": 16,
      "here": 17,
      "indigo": 18,
      "it": 19,
      "lavender": 20,
      "let": 21,
      "light": 22,
      "lights": 23,
      "make": 24,
      "navajo": 25,
      "off": 26,
      "on": 27,
      "orange": 28,
      "payne": 29,
      "periwinkle": 30,
      "put": 31,
      "red": 32,
      "s": 33,
      "saffron": 34,
      "set": 35,
      "switch": 36,
      "tan": 37,
      "the": 38,
      "there": 39,
      "to": 40,
      "too": 41,
      "turn": 42,
      "unknownword": 43,
      "white": 44
    }
  }
}